duration_frames;key_t;delay_frames;offset;ID;condition;correct_resp;rt;duration_measured;img;no;gender;age;response;onset
30;1.7535369396209717;60;;a;face_exp;;1.2506790161132812;;m0504.jpg;1;female;24;2;
30;5.292656898498535;60;;a;face_exp;;1.0463309288024902;;m0207.jpg;2;female;24;7;
30;9.12108302116394;60;;a;face_exp;;1.3318631649017334;;m0202.jpg;3;female;24;3;
30;12.91965389251709;60;;a;face_exp;;1.3034749031066895;;f0201.jpg;4;female;24;3;
30;16.63713002204895;60;;a;face_exp;;1.210651159286499;;m0508.jpg;5;female;24;6;
30;20.03310489654541;60;;a;face_exp;;0.8966019153594971;;f0111.jpg;6;female;24;6;
30;24.403257846832275;60;;a;face_exp;;1.874234914779663;;f0206.jpg;7;female;24;4;
30;27.93622088432312;60;;a;face_exp;;1.0287070274353027;;m0511.jpg;8;female;24;2;
30;31.795090913772583;60;;a;face_exp;;1.3613898754119873;;f0106.jpg;9;female;24;8;
30;35.045992851257324;60;;a;face_exp;;0.7518517971038818;;m0506.jpg;10;female;24;6;
30;38.739866971969604;60;;a;face_exp;;1.1869370937347412;;f0208.jpg;11;female;24;8;
30;42.149802923202515;60;;a;face_exp;;0.9034619331359863;;f0102.jpg;12;female;24;2;
30;45.92479705810547;60;;a;face_exp;;1.2693850994110107;;m0211.jpg;13;female;24;2;
30;49.495826959609985;60;;a;face_exp;;1.0635030269622803;;m0512.jpg;14;female;24;4;
30;53.13668203353882;60;;a;face_exp;;1.1447410583496094;;m0501.jpg;15;female;24;6;
30;56.74529504776001;60;;a;face_exp;;1.110192060470581;;m0214.jpg;16;female;24;2;
30;60.62006902694702;60;;a;face_exp;;1.375197172164917;;f0202.jpg;17;female;24;3;
30;64.3501558303833;60;;a;face_exp;;1.2282087802886963;;m0204.jpg;18;female;24;8;
30;68.29739689826965;60;;a;face_exp;;1.4486908912658691;;m0207.jpg;19;female;24;9;
30;72.48317193984985;60;;a;face_exp;;1.6904640197753906;;f0113.jpg;20;female;24;6;
30;75.86052799224854;60;;a;face_exp;;0.8731751441955566;;m0512.jpg;21;female;24;3;
30;79.51141905784607;60;;a;face_exp;;1.148287057876587;;f0115.jpg;22;female;24;2;
30;83.0499038696289;60;;a;face_exp;;1.0436389446258545;;f0214.jpg;23;female;24;1;
30;87.43180394172668;60;;a;face_exp;;1.8825910091400146;;f0204.jpg;24;female;24;3;
30;91.03303790092468;60;;a;face_exp;;1.1053009033203125;;f0101.jpg;25;female;24;1;
30;95.31669187545776;60;;a;face_exp;;1.779222011566162;;m0207.jpg;26;female;24;9;
30;98.67668890953064;60;;a;face_exp;;0.8610010147094727;;f0110.jpg;27;female;24;7;
30;101.87330102920532;60;;a;face_exp;;0.6985230445861816;;f0208.jpg;28;female;24;3;
30;105.1613450050354;60;;a;face_exp;;0.7946281433105469;;m0515.jpg;29;female;24;1;
30;108.56308603286743;60;;a;face_exp;;0.9041759967803955;;f0105.jpg;30;female;24;7;
30;112.16894292831421;60;;a;face_exp;;1.100827932357788;;f0107.jpg;31;female;24;8;
30;115.40080094337463;60;;a;face_exp;;0.7229108810424805;;f0203.jpg;32;female;24;3;
30;118.73178005218506;60;;a;face_exp;;0.8284921646118164;;m0206.jpg;33;female;24;7;
30;122.1387848854065;60;;a;face_exp;;0.9098608493804932;;m0512.jpg;34;female;24;2;
30;125.60604190826416;60;;a;face_exp;;0.9679429531097412;;f0113.jpg;35;female;24;3;
30;129.13382005691528;60;;a;face_exp;;1.019644021987915;;f0114.jpg;36;female;24;1;
30;132.4744279384613;60;;a;face_exp;;0.8339829444885254;;m0215.jpg;37;female;24;1;
30;135.79633498191833;60;;a;face_exp;;0.8136389255523682;;m0511.jpg;38;female;24;3;
30;139.1813108921051;60;;a;face_exp;;0.8895950317382812;;f0109.jpg;39;female;24;6;
30;142.63810300827026;60;;a;face_exp;;0.953948974609375;;m0213.jpg;40;female;24;1;
30;145.88409805297852;60;;a;face_exp;;0.7406320571899414;;m0214.jpg;41;female;24;1;
30;149.63391399383545;60;;a;face_exp;;1.248293161392212;;f0205.jpg;42;female;24;6;
30;153.05754685401917;60;;a;face_exp;;0.928508996963501;;m0211.jpg;43;female;24;2;
30;156.4004099369049;60;;a;face_exp;;0.8454370498657227;;m0205.jpg;44;female;24;8;
30;159.87919998168945;60;;a;face_exp;;0.9818630218505859;;m0207.jpg;45;female;24;9;
30;163.13348388671875;60;;a;face_exp;;0.7600538730621338;;m0215.jpg;46;female;24;1;
30;166.7923400402069;60;;a;face_exp;;1.160170078277588;;m0506.jpg;47;female;24;9;
30;170.35124492645264;60;;a;face_exp;;1.0591349601745605;;f0104.jpg;48;female;24;6;
30;173.68219804763794;60;;a;face_exp;;0.8305552005767822;;f0102.jpg;49;female;24;3;
30;177.030170917511;60;;a;face_exp;;0.8528668880462646;;m0515.jpg;50;female;24;2;
30;180.45528101921082;60;;a;face_exp;;0.9188511371612549;;f0115.jpg;51;female;24;3;
30;183.72413301467896;60;;a;face_exp;;0.7617931365966797;;m0206.jpg;52;female;24;7;
30;187.03673005104065;60;;a;face_exp;;0.8156111240386963;;m0201.jpg;53;female;24;1;
30;190.44764804840088;60;;a;face_exp;;0.9176161289215088;;f0214.jpg;54;female;24;1;
30;194.24806594848633;60;;a;face_exp;;1.2920820713043213;;m0202.jpg;55;female;24;6;
30;197.96084094047546;60;;a;face_exp;;1.2113070487976074;;f0201.jpg;56;female;24;2;
30;201.30374693870544;60;;a;face_exp;;0.8441720008850098;;m0503.jpg;57;female;24;3;
30;204.5289089679718;60;;a;face_exp;;0.7269690036773682;;m0205.jpg;58;female;24;7;
30;207.77755689620972;60;;a;face_exp;;0.7502110004425049;;f0203.jpg;59;female;24;4;
30;210.98646998405457;60;;a;face_exp;;0.7003660202026367;;m0502.jpg;60;female;24;4;
30;214.3082230091095;60;;a;face_exp;;0.8134429454803467;;f0208.jpg;61;female;24;7;
30;217.69720196723938;60;;a;face_exp;;0.8935229778289795;;f0212.jpg;62;female;24;9;
30;220.84732294082642;60;;a;face_exp;;0.6510739326477051;;m0214.jpg;63;female;24;1;
30;224.22409892082214;60;;a;face_exp;;0.8694090843200684;;f0113.jpg;64;female;24;3;
30;227.84339785575867;60;;a;face_exp;;1.1128618717193604;;f0104.jpg;65;female;24;9;
30;231.10214495658875;60;;a;face_exp;;0.7618560791015625;;m0213.jpg;66;female;24;1;
30;234.3787488937378;60;;a;face_exp;;0.7796599864959717;;m0513.jpg;67;female;24;1;
30;237.6994490623474;60;;a;face_exp;;0.8248560428619385;;f0112.jpg;68;female;24;2;
30;240.96573090553284;60;;a;face_exp;;0.765488862991333;;m0212.jpg;69;female;24;2;
30;244.4968159198761;60;;a;face_exp;;1.0377700328826904;;f0103.jpg;70;female;24;3;
30;247.96377086639404;60;;a;face_exp;;0.96185302734375;;m0212.jpg;71;female;24;3;
30;251.06127190589905;60;;a;face_exp;;0.5999798774719238;;f0202.jpg;72;female;24;2;
30;254.41236400604248;60;;a;face_exp;;0.8427231311798096;;m0204.jpg;73;female;24;8;
30;257.83082389831543;60;;a;face_exp;;0.9187300205230713;;f0208.jpg;74;female;24;7;
30;261.1180589199066;60;;a;face_exp;;0.7800910472869873;;m0511.jpg;75;female;24;2;
30;264.179151058197;60;;a;face_exp;;0.5656712055206299;;f0101.jpg;76;female;24;1;
30;267.3999328613281;60;;a;face_exp;;0.7281978130340576;;f0112.jpg;77;female;24;6;
30;270.7298619747162;60;;a;face_exp;;0.8327829837799072;;f0108.jpg;78;female;24;9;
30;274.2062978744507;60;;a;face_exp;;0.9835259914398193;;f0108.jpg;79;female;24;9;
30;277.662565946579;60;;a;face_exp;;0.9637570381164551;;f0203.jpg;80;female;24;2;
30;280.8363628387451;60;;a;face_exp;;0.6781718730926514;;m0214.jpg;81;female;24;1;
30;284.02083587646484;60;;a;face_exp;;0.6874649524688721;;f0104.jpg;82;female;24;7;
30;287.22454595565796;60;;a;face_exp;;0.6966791152954102;;f0106.jpg;83;female;24;9;
30;291.1585488319397;60;;a;face_exp;;1.4365909099578857;;m0515.jpg;84;female;24;2;
30;294.74170684814453;60;;a;face_exp;;1.0736768245697021;;f0207.jpg;85;female;24;2;
30;297.8675079345703;60;;a;face_exp;;0.6215479373931885;;f0205.jpg;86;female;24;1;
30;301.12850403785706;60;;a;face_exp;;0.7563910484313965;;m0503.jpg;87;female;24;4;
30;304.6731719970703;60;;a;face_exp;;1.0414271354675293;;f0213.jpg;88;female;24;9;
30;308.4542610645294;60;;a;face_exp;;1.2787411212921143;;m0208.jpg;89;female;24;7;
30;311.9527759552002;60;;a;face_exp;;0.9997498989105225;;f0210.jpg;90;female;24;9;
30;315.8022708892822;60;;a;face_exp;;1.3559958934783936;;m0507.jpg;91;female;24;6;
30;319.14829683303833;60;;a;face_exp;;0.8412199020385742;;m0201.jpg;92;female;24;1;
30;322.6904640197754;60;;a;face_exp;;1.0406930446624756;;m0509.jpg;93;female;24;7;
30;325.88349199295044;60;;a;face_exp;;0.6905701160430908;;f0206.jpg;94;female;24;3;
30;329.18486404418945;60;;a;face_exp;;0.799842119216919;;f0210.jpg;95;female;24;7;
30;332.33161902427673;60;;a;face_exp;;0.6542019844055176;;f0108.jpg;96;female;24;8;
30;335.9996528625488;60;;a;face_exp;;1.1635818481445312;;f0112.jpg;97;female;24;6;
30;339.6014230251312;60;;a;face_exp;;1.105363130569458;;f0108.jpg;98;female;24;9;
30;342.7463638782501;60;;a;face_exp;;0.6405129432678223;;f0111.jpg;99;female;24;8;
30;345.87846302986145;60;;a;face_exp;;0.6307170391082764;;f0107.jpg;100;female;24;8;
30;349.380352973938;60;;a;face_exp;;1.007416009902954;;f0110.jpg;101;female;24;9;
30;352.5855619907379;60;;a;face_exp;;0.703171968460083;;f0108.jpg;102;female;24;8;
30;355.95874285697937;60;;a;face_exp;;0.8676259517669678;;f0206.jpg;103;female;24;2;
30;359.265105009079;60;;a;face_exp;;0.7981560230255127;;f0104.jpg;104;female;24;9;
30;362.452654838562;60;;a;face_exp;;0.6934769153594971;;m0205.jpg;105;female;24;8;
30;366.1716158390045;60;;a;face_exp;;1.220390796661377;;f0114.jpg;106;female;24;6;
30;369.35720896720886;60;;a;face_exp;;0.679286003112793;;f0205.jpg;107;female;24;3;
30;372.5320019721985;60;;a;face_exp;;0.6788060665130615;;m0203.jpg;108;female;24;7;
30;375.8245038986206;60;;a;face_exp;;0.7960638999938965;;m0511.jpg;109;female;24;3;
30;379.0190088748932;60;;a;face_exp;;0.6983120441436768;;f0113.jpg;110;female;24;2;
30;382.3947958946228;60;;a;face_exp;;0.8821709156036377;;f0211.jpg;111;female;24;4;
30;385.6757869720459;60;;a;face_exp;;0.7873749732971191;;m0211.jpg;112;female;24;1;
30;388.96180391311646;60;;a;face_exp;;0.7811698913574219;;f0215.jpg;113;female;24;2;
30;391.9757590293884;60;;a;face_exp;;0.519646167755127;;f0201.jpg;114;female;24;1;
30;395.2285740375519;60;;a;face_exp;;0.7476110458374023;;m0210.jpg;115;female;24;7;
30;398.3984520435333;60;;a;face_exp;;0.6753740310668945;;f0204.jpg;116;female;24;2;
30;401.54229402542114;60;;a;face_exp;;0.6439650058746338;;m0215.jpg;117;female;24;1;
30;404.71027183532715;60;;a;face_exp;;0.6701347827911377;;f0114.jpg;118;female;24;2;
30;407.7452049255371;60;;a;face_exp;;0.5298030376434326;;f0207.jpg;119;female;24;1;
30;410.80240201950073;60;;a;face_exp;;0.5621840953826904;;f0201.jpg;120;female;24;2;
30;414.0295069217682;60;;a;face_exp;;0.7310159206390381;;m0510.jpg;121;female;24;6;
30;417.7089319229126;60;;a;face_exp;;1.1849870681762695;;f0213.jpg;122;female;24;7;
30;421.22725200653076;60;;a;face_exp;;1.0100560188293457;;m0203.jpg;123;female;24;7;
30;424.58788800239563;60;;a;face_exp;;0.8612699508666992;;m0501.jpg;124;female;24;3;
30;427.8227570056915;60;;a;face_exp;;0.7370090484619141;;m0505.jpg;125;female;24;5;
30;431.26775097846985;60;;a;face_exp;;0.9399220943450928;;m0203.jpg;126;female;24;5;
30;434.560674905777;60;;a;face_exp;;0.7902190685272217;;f0205.jpg;127;female;24;2;
30;438.1177978515625;60;;a;face_exp;;1.0551137924194336;;m0210.jpg;128;female;24;3;
30;441.33997082710266;60;;a;face_exp;;0.7176859378814697;;f0209.jpg;129;female;24;3;
30;444.4435739517212;60;;a;face_exp;;0.59592604637146;;f0101.jpg;130;female;24;1;
30;447.7423849105835;60;;a;face_exp;;0.8030800819396973;;f0211.jpg;131;female;24;7;
30;450.9141619205475;60;;a;face_exp;;0.6659090518951416;;f0212.jpg;132;female;24;6;
30;454.5651969909668;60;;a;face_exp;;1.1583819389343262;;m0210.jpg;133;female;24;2;
30;458.13533782958984;60;;a;face_exp;;1.068617820739746;;m0509.jpg;134;female;24;9;
30;461.45802998542786;60;;a;face_exp;;0.8149290084838867;;f0105.jpg;135;female;24;9;
30;464.7091529369354;60;;a;face_exp;;0.7571959495544434;;f0206.jpg;136;female;24;2;
30;467.91183400154114;60;;a;face_exp;;0.7010500431060791;;f0115.jpg;137;female;24;3;
30;471.2293539047241;60;;a;face_exp;;0.8099288940429688;;f0213.jpg;138;female;24;6;
30;474.48169803619385;60;;a;face_exp;;0.7533330917358398;;m0210.jpg;139;female;24;2;
30;478.0866549015045;60;;a;face_exp;;1.0994720458984375;;f0108.jpg;140;female;24;7;
30;481.2688899040222;60;;a;face_exp;;0.6886999607086182;;f0106.jpg;141;female;24;9;
30;484.36793184280396;60;;a;face_exp;;0.5957908630371094;;m0211.jpg;142;female;24;1;
30;487.4974310398102;60;;a;face_exp;;0.6336071491241455;;f0215.jpg;143;female;24;1;
30;490.5474510192871;60;;a;face_exp;;0.5417909622192383;;f0102.jpg;144;female;24;1;
30;493.65348196029663;60;;a;face_exp;;0.6062619686126709;;m0501.jpg;145;female;24;3;
30;496.85714387893677;60;;a;face_exp;;0.7015659809112549;;m0510.jpg;146;female;24;8;
30;499.91034603118896;60;;a;face_exp;;0.5461452007293701;;m0215.jpg;147;female;24;1;
30;503.0591039657593;60;;a;face_exp;;0.6532790660858154;;m0205.jpg;148;female;24;8;
30;506.1798138618469;60;;a;face_exp;;0.6154680252075195;;f0209.jpg;149;female;24;2;
30;509.27187395095825;60;;a;face_exp;;0.5991299152374268;;m0515.jpg;150;female;24;1;
30;512.3267118930817;60;;a;face_exp;;0.5455999374389648;;f0113.jpg;151;female;24;2;
30;515.4611299037933;60;;a;face_exp;;0.6383829116821289;;m0207.jpg;152;female;24;9;
30;519.5535440444946;60;;a;face_exp;;1.5890262126922607;;f0203.jpg;153;female;24;2;
30;522.7110979557037;60;;a;face_exp;;0.6521430015563965;;m0204.jpg;154;female;24;8;
30;525.8323669433594;60;;a;face_exp;;0.6149230003356934;;f0213.jpg;155;female;24;4;
30;528.8512680530548;60;;a;face_exp;;0.5254850387573242;;m0514.jpg;156;female;24;1;
30;532.1420669555664;60;;a;face_exp;;0.7914049625396729;;f0107.jpg;157;female;24;8;
30;535.9501209259033;60;;a;face_exp;;1.3072450160980225;;m0512.jpg;158;female;24;2;
30;539.0001080036163;60;;a;face_exp;;0.546921968460083;;m0212.jpg;159;female;24;1;
30;542.4659719467163;60;;a;face_exp;;0.9712519645690918;;m0215.jpg;160;female;24;1;
30;545.6758868694305;60;;a;face_exp;;0.7050838470458984;;m0504.jpg;161;female;24;2;
30;549.1287038326263;60;;a;face_exp;;0.9492878913879395;;m0213.jpg;162;female;24;1;
30;552.2137620449066;60;;a;face_exp;;0.5916461944580078;;m0211.jpg;163;female;24;2;
30;555.6245758533478;60;;a;face_exp;;0.910862922668457;;m0202.jpg;164;female;24;6;
30;558.8771460056305;60;;a;face_exp;;0.754194974899292;;m0505.jpg;165;female;24;2;
30;562.1314129829407;60;;a;face_exp;;0.7496669292449951;;m0202.jpg;166;female;24;6;
30;565.4754319190979;60;;a;face_exp;;0.8515980243682861;;m0507.jpg;167;female;24;7;
30;568.998174905777;60;;a;face_exp;;1.0152490139007568;;f0215.jpg;168;female;24;1;
30;572.334972858429;60;;a;face_exp;;0.8425629138946533;;m0201.jpg;169;female;24;1;
30;575.7147870063782;60;;a;face_exp;;0.8800301551818848;;m0505.jpg;170;female;24;3;
30;578.8767900466919;60;;a;face_exp;;0.6662240028381348;;f0114.jpg;171;female;24;2;
30;582.044970035553;60;;a;face_exp;;0.675894021987915;;m0502.jpg;172;female;24;2;
30;585.4113099575043;60;;a;face_exp;;0.8669619560241699;;f0215.jpg;173;female;24;1;
30;588.6895830631256;60;;a;face_exp;;0.7862210273742676;;m0510.jpg;174;female;24;4;
30;591.7377729415894;60;;a;face_exp;;0.5421938896179199;;f0201.jpg;175;female;24;1;
30;595.0923008918762;60;;a;face_exp;;0.8551750183105469;;f0203.jpg;176;female;24;2;
30;598.2811830043793;60;;a;face_exp;;0.6849009990692139;;m0512.jpg;177;female;24;3;
30;601.6021649837494;60;;a;face_exp;;0.8139750957489014;;m0510.jpg;178;female;24;5;
30;604.6609690189362;60;;a;face_exp;;0.5638251304626465;;m0515.jpg;179;female;24;2;
30;607.7318069934845;60;;a;face_exp;;0.576409101486206;;f0206.jpg;180;female;24;1;
30;611.2158069610596;60;;a;face_exp;;0.9854419231414795;;m0202.jpg;181;female;24;4;
30;614.7052998542786;60;;a;face_exp;;0.9821698665618896;;f0110.jpg;182;female;24;6;
30;618.1620209217072;60;;a;face_exp;;0.9627969264984131;;f0212.jpg;183;female;24;7;
30;621.1965520381927;60;;a;face_exp;;0.5380160808563232;;f0114.jpg;184;female;24;2;
30;624.3825800418854;60;;a;face_exp;;0.6825671195983887;;f0112.jpg;185;female;24;4;
30;627.631588935852;60;;a;face_exp;;0.7562649250030518;;m0509.jpg;186;female;24;7;
30;631.0155968666077;60;;a;face_exp;;0.8814859390258789;;f0102.jpg;187;female;24;4;
30;634.3595099449158;60;;a;face_exp;;0.8495790958404541;;m0210.jpg;188;female;24;7;
30;637.9665539264679;60;;a;face_exp;;1.1142840385437012;;m0509.jpg;189;female;24;9;
30;641.1522779464722;60;;a;face_exp;;0.6902790069580078;;f0204.jpg;190;female;24;3;
30;644.7912619113922;60;;a;face_exp;;1.1372978687286377;;f0105.jpg;191;female;24;7;
30;648.0292069911957;60;;a;face_exp;;0.7320361137390137;;m0502.jpg;192;female;24;2;
30;651.2942099571228;60;;a;face_exp;;0.7716219425201416;;f0211.jpg;193;female;24;6;
30;654.5590078830719;60;;a;face_exp;;0.7610180377960205;;m0206.jpg;194;female;24;9;
30;657.5979559421539;60;;a;face_exp;;0.5411899089813232;;m0208.jpg;195;female;24;8;
30;661.3279008865356;60;;a;face_exp;;1.2295148372650146;;f0202.jpg;196;female;24;3;
30;664.4628880023956;60;;a;face_exp;;0.6377949714660645;;m0501.jpg;197;female;24;2;
30;667.6105899810791;60;;a;face_exp;;0.6436629295349121;;m0505.jpg;198;female;24;3;
30;670.8247270584106;60;;a;face_exp;;0.7159790992736816;;m0214.jpg;199;female;24;1;
30;673.9546148777008;60;;a;face_exp;;0.6372768878936768;;f0102.jpg;200;female;24;1;
30;677.0155539512634;60;;a;face_exp;;0.5563418865203857;;m0515.jpg;201;female;24;2;
30;680.1164748668671;60;;a;face_exp;;0.5989789962768555;;f0206.jpg;202;female;24;1;
30;683.2738049030304;60;;a;face_exp;;0.6646530628204346;;f0112.jpg;203;female;24;5;
30;686.5201778411865;60;;a;face_exp;;0.7524518966674805;;m0503.jpg;204;female;24;3;
30;689.8251888751984;60;;a;face_exp;;0.7986979484558105;;m0502.jpg;205;female;24;2;
30;693.6340639591217;60;;a;face_exp;;1.3153390884399414;;m0207.jpg;206;female;24;8;
30;697.2880299091339;60;;a;face_exp;;1.15903902053833;;m0210.jpg;207;female;24;6;
30;700.4799599647522;60;;a;face_exp;;0.6910560131072998;;f0209.jpg;208;female;24;3;
30;703.7050499916077;60;;a;face_exp;;0.7241730690002441;;f0211.jpg;209;female;24;6;
30;707.619295835495;60;;a;face_exp;;1.4129889011383057;;f0103.jpg;210;female;24;6;
30;710.8467619419098;60;;a;face_exp;;0.7299349308013916;;f0204.jpg;211;female;24;2;
30;714.1725380420685;60;;a;face_exp;;0.830355167388916;;f0109.jpg;212;female;24;9;
30;717.405513048172;60;;a;face_exp;;0.737680196762085;;m0508.jpg;213;female;24;6;
30;720.4959850311279;60;;a;face_exp;;0.5860261917114258;;m0508.jpg;214;female;24;6;
30;723.6950159072876;60;;a;face_exp;;0.6934568881988525;;m0502.jpg;215;female;24;3;
30;727.5042600631714;60;;a;face_exp;;1.3106729984283447;;f0110.jpg;216;female;24;8;
30;730.6777420043945;60;;a;face_exp;;0.6738941669464111;;f0211.jpg;217;female;24;6;
30;734.0810890197754;60;;a;face_exp;;0.902040958404541;;m0505.jpg;218;female;24;3;
30;737.2564148902893;60;;a;face_exp;;0.6681098937988281;;m0511.jpg;219;female;24;5;
30;740.2749769687653;60;;a;face_exp;;0.5114500522613525;;f0110.jpg;220;female;24;7;
30;743.3531229496002;60;;a;face_exp;;0.5814440250396729;;f0207.jpg;221;female;24;2;
30;746.7379629611969;60;;a;face_exp;;0.8913209438323975;;m0204.jpg;222;female;24;9;
30;749.9488208293915;60;;a;face_exp;;0.7096929550170898;;m0213.jpg;223;female;24;3;
30;753.071830034256;60;;a;face_exp;;0.6240241527557373;;f0114.jpg;224;female;24;2;
30;756.6336779594421;60;;a;face_exp;;1.0607631206512451;;f0207.jpg;225;female;24;3;
30;760.2076690196991;60;;a;face_exp;;1.0751371383666992;;m0509.jpg;226;female;24;6;
30;763.5614988803864;60;;a;face_exp;;0.8526430130004883;;f0109.jpg;227;female;24;8;
30;766.8013288974762;60;;a;face_exp;;0.7333948612213135;;m0204.jpg;228;female;24;8;
30;770.1742599010468;60;;a;face_exp;;0.8642599582672119;;m0511.jpg;229;female;24;4;
30;773.6360058784485;60;;a;face_exp;;0.966986894607544;;f0212.jpg;230;female;24;7;
30;777.1801569461823;60;;a;face_exp;;1.0517239570617676;;f0211.jpg;231;female;24;5;
30;780.4180710315704;60;;a;face_exp;;0.7300469875335693;;f0202.jpg;232;female;24;3;
30;783.7270588874817;60;;a;face_exp;;0.813633918762207;;f0105.jpg;233;female;24;8;
30;787.0830109119415;60;;a;face_exp;;0.8606860637664795;;m0210.jpg;234;female;24;7;
30;790.2550468444824;60;;a;face_exp;;0.673590898513794;;m0501.jpg;235;female;24;2;
30;793.8891010284424;60;;a;face_exp;;1.1323790550231934;;f0209.jpg;236;female;24;5;
30;797.9210188388824;60;;a;face_exp;;1.5379118919372559;;m0209.jpg;237;female;24;4;
30;801.0482549667358;60;;a;face_exp;;0.620880126953125;;f0207.jpg;238;female;24;2;
30;804.3065409660339;60;;a;face_exp;;0.754101037979126;;m0503.jpg;239;female;24;2;
30;807.8835320472717;60;;a;face_exp;;1.0722520351409912;;m0209.jpg;240;female;24;4;
30;811.0844638347626;60;;a;face_exp;;0.6968419551849365;;m0212.jpg;241;female;24;2;
30;814.4334750175476;60;;a;face_exp;;0.8539121150970459;;m0505.jpg;242;female;24;3;
30;817.6963720321655;60;;a;face_exp;;0.7577810287475586;;m0513.jpg;243;female;24;2;
30;820.7720558643341;60;;a;face_exp;;0.5746409893035889;;m0201.jpg;244;female;24;1;
30;824.0119588375092;60;;a;face_exp;;0.7395458221435547;;m0509.jpg;245;female;24;4;
30;827.1740708351135;60;;a;face_exp;;0.6595587730407715;;m0207.jpg;246;female;24;8;
30;830.3513090610504;60;;a;face_exp;;0.6783292293548584;;m0513.jpg;247;female;24;2;
30;833.6806509494781;60;;a;face_exp;;0.8323850631713867;;m0202.jpg;248;female;24;8;
30;837.0908389091492;60;;a;face_exp;;0.9169418811798096;;m0507.jpg;249;female;24;5;
30;840.6052529811859;60;;a;face_exp;;1.0221691131591797;;f0104.jpg;250;female;24;9;
30;843.8501219749451;60;;a;face_exp;;0.7408249378204346;;m0207.jpg;251;female;24;9;
30;847.377406835556;60;;a;face_exp;;1.0259969234466553;;f0112.jpg;252;female;24;4;
30;850.7153949737549;60;;a;face_exp;;0.8377931118011475;;f0212.jpg;253;female;24;8;
30;853.9353289604187;60;;a;face_exp;;0.7153699398040771;;m0513.jpg;254;female;24;3;
30;857.1351969242096;60;;a;face_exp;;0.7064969539642334;;m0512.jpg;255;female;24;5;
30;860.2957649230957;60;;a;face_exp;;0.6584539413452148;;m0511.jpg;256;female;24;6;
30;863.6406028270721;60;;a;face_exp;;0.844775915145874;;m0215.jpg;257;female;24;1;
30;866.936292886734;60;;a;face_exp;;0.7981119155883789;;f0111.jpg;258;female;24;7;
30;870.340833902359;60;;a;face_exp;;0.9104158878326416;;f0207.jpg;259;female;24;3;
30;874.8294179439545;60;;a;face_exp;;1.989806890487671;;f0208.jpg;260;female;24;3;
30;878.1204860210419;60;;a;face_exp;;0.7854230403900146;;f0109.jpg;261;female;24;7;
30;881.4410388469696;60;;a;face_exp;;0.8136909008026123;;m0505.jpg;262;female;24;5;
30;884.619705915451;60;;a;face_exp;;0.6834499835968018;;m0506.jpg;263;female;24;4;
30;887.8706438541412;60;;a;face_exp;;0.7424619197845459;;f0208.jpg;264;female;24;2;
30;891.1114008426666;60;;a;face_exp;;0.7411468029022217;;f0101.jpg;265;female;24;1;
30;894.4444408416748;60;;a;face_exp;;0.8320598602294922;;m0206.jpg;266;female;24;8;
30;897.5024888515472;60;;a;face_exp;;0.5644538402557373;;f0114.jpg;267;female;24;2;
30;901.2375319004059;60;;a;face_exp;;1.2412810325622559;;f0107.jpg;268;female;24;9;
30;904.4136998653412;60;;a;face_exp;;0.6739988327026367;;f0114.jpg;269;female;24;3;
30;907.7615509033203;60;;a;face_exp;;0.8466238975524902;;f0108.jpg;270;female;24;9;
30;910.7676739692688;60;;a;face_exp;;0.510357141494751;;f0115.jpg;271;female;24;2;
30;914.0500040054321;60;;a;face_exp;;0.7845430374145508;;m0508.jpg;272;female;24;7;
30;917.2359528541565;60;;a;face_exp;;0.6782629489898682;;f0109.jpg;273;female;24;8;
30;920.3628969192505;60;;a;face_exp;;0.6299819946289062;;m0506.jpg;274;female;24;6;
30;923.4969680309296;60;;a;face_exp;;0.6389381885528564;;m0205.jpg;275;female;24;9;
30;926.636785030365;60;;a;face_exp;;0.63692307472229;;f0202.jpg;276;female;24;2;
30;930.0608768463135;60;;a;face_exp;;0.9192378520965576;;m0509.jpg;277;female;24;4;
30;933.2778170108795;60;;a;face_exp;;0.7102179527282715;;m0203.jpg;278;female;24;8;
30;936.5735239982605;60;;a;face_exp;;0.7972440719604492;;m0504.jpg;279;female;24;2;
30;939.9295449256897;60;;a;face_exp;;0.8610169887542725;;f0101.jpg;280;female;24;1;
30;943.335736989975;60;;a;face_exp;;0.9081771373748779;;f0207.jpg;281;female;24;3;
30;946.5716030597687;60;;a;face_exp;;0.7348041534423828;;m0203.jpg;282;female;24;6;
30;949.7714388370514;60;;a;face_exp;;0.6925718784332275;;f0113.jpg;283;female;24;2;
30;953.0373289585114;60;;a;face_exp;;0.7665131092071533;;f0201.jpg;284;female;24;1;
30;956.3253450393677;60;;a;face_exp;;0.7790241241455078;;m0502.jpg;285;female;24;3;
30;959.5183169841766;60;;a;face_exp;;0.6965529918670654;;m0507.jpg;286;female;24;5;
30;962.8311128616333;60;;a;face_exp;;0.8173038959503174;;f0201.jpg;287;female;24;1;
30;966.1624929904938;60;;a;face_exp;;0.8230991363525391;;f0115.jpg;288;female;24;3;
30;970.0697660446167;60;;a;face_exp;;1.4046730995178223;;m0209.jpg;289;female;24;4;
30;973.2312748432159;60;;a;face_exp;;0.6556429862976074;;f0204.jpg;290;female;24;2;
30;976.3325438499451;60;;a;face_exp;;0.5984528064727783;;f0210.jpg;291;female;24;5;
30;979.6666128635406;60;;a;face_exp;;0.8407549858093262;;m0204.jpg;292;female;24;7;
30;982.8795149326324;60;;a;face_exp;;0.7112948894500732;;m0501.jpg;293;female;24;2;
30;986.0722949504852;60;;a;face_exp;;0.6954059600830078;;m0214.jpg;294;female;24;1;
30;989.4348340034485;60;;a;face_exp;;0.8659501075744629;;f0108.jpg;295;female;24;7;
30;992.721873998642;60;;a;face_exp;;0.7940170764923096;;f0201.jpg;296;female;24;5;
30;996.2154128551483;60;;a;face_exp;;0.9953038692474365;;f0207.jpg;297;female;24;7;
30;1000.595360994339;60;;a;face_exp;;1.8824729919433594;;m0512.jpg;298;female;24;3;
30;1003.7463159561157;60;;a;face_exp;;0.6549201011657715;;m0507.jpg;299;female;24;5;
30;1006.9581179618835;60;;a;face_exp;;0.7081971168518066;;f0204.jpg;300;female;24;2;
30;1010.2193439006805;60;;a;face_exp;;0.7607948780059814;;m0204.jpg;301;female;24;8;
30;1013.266900062561;60;;a;face_exp;;0.5495350360870361;;f0113.jpg;302;female;24;5;
30;1016.3812239170074;60;;a;face_exp;;0.6055810451507568;;m0504.jpg;303;female;24;4;
30;1019.8957970142365;60;;a;face_exp;;1.0117580890655518;;f0103.jpg;304;female;24;3;
30;1023.3375859260559;60;;a;face_exp;;0.9440948963165283;;f0106.jpg;305;female;24;7;
30;1026.5596368312836;60;;a;face_exp;;0.7234399318695068;;m0204.jpg;306;female;24;8;
30;1029.6447598934174;60;;a;face_exp;;0.5831849575042725;;m0504.jpg;307;female;24;3;
30;1032.803419828415;60;;a;face_exp;;0.6502289772033691;;m0503.jpg;308;female;24;3;
30;1036.1243839263916;60;;a;face_exp;;0.8126349449157715;;f0106.jpg;309;female;24;7;
30;1039.2913398742676;60;;a;face_exp;;0.6706418991088867;;f0105.jpg;310;female;24;7;
30;1042.577288866043;60;;a;face_exp;;0.781376838684082;;f0212.jpg;311;female;24;9;
30;1046.0712869167328;60;;a;face_exp;;0.9999089241027832;;f0112.jpg;312;female;24;3;
30;1049.3170568943024;60;;a;face_exp;;0.7528369426727295;;m0201.jpg;313;female;24;1;
30;1052.5969789028168;60;;a;face_exp;;0.7739970684051514;;m0202.jpg;314;female;24;4;
30;1056.707566022873;60;;a;face_exp;;1.6090490818023682;;m0506.jpg;315;female;24;5;
30;1059.9561049938202;60;;a;face_exp;;0.7464439868927002;;m0507.jpg;316;female;24;7;
30;1063.5660090446472;60;;a;face_exp;;1.114288091659546;;f0103.jpg;317;female;24;3;
30;1066.8514139652252;60;;a;face_exp;;0.7899460792541504;;f0106.jpg;318;female;24;8;
30;1070.1493258476257;60;;a;face_exp;;0.7956359386444092;;m0208.jpg;319;female;24;8;
30;1073.3722159862518;60;;a;face_exp;;0.7262749671936035;;m0206.jpg;320;female;24;7;
30;1076.7989659309387;60;;a;face_exp;;0.9276750087738037;;f0112.jpg;321;female;24;3;
30;1080.2710008621216;60;;a;face_exp;;0.9738149642944336;;f0211.jpg;322;female;24;4;
30;1083.5315630435944;60;;a;face_exp;;0.7583410739898682;;f0111.jpg;323;female;24;4;
30;1086.8219170570374;60;;a;face_exp;;0.7898540496826172;;m0209.jpg;324;female;24;4;
30;1089.9760718345642;60;;a;face_exp;;0.6518008708953857;;f0202.jpg;325;female;24;3;
30;1093.0005259513855;60;;a;face_exp;;0.5176980495452881;;m0508.jpg;326;female;24;6;
30;1096.3745770454407;60;;a;face_exp;;0.8668830394744873;;m0210.jpg;327;female;24;3;
30;1099.6934340000153;60;;a;face_exp;;0.8267440795898438;;f0204.jpg;328;female;24;3;
30;1102.9993209838867;60;;a;face_exp;;0.8069770336151123;;f0111.jpg;329;female;24;2;
30;1106.54070687294;60;;a;face_exp;;1.0393898487091064;;f0109.jpg;330;female;24;6;
30;1110.831286907196;60;;a;face_exp;;1.7870969772338867;;f0110.jpg;331;female;24;7;
30;1114.111888885498;60;;a;face_exp;;0.772752046585083;;f0202.jpg;332;female;24;1;
30;1117.4410619735718;60;;a;face_exp;;0.8263881206512451;;m0510.jpg;333;female;24;3;
30;1120.6959390640259;60;;a;face_exp;;0.7556040287017822;;m0211.jpg;334;female;24;1;
30;1123.8667750358582;60;;a;face_exp;;0.6676809787750244;;m0214.jpg;335;female;24;1;
30;1128.2926609516144;60;;a;face_exp;;1.9183590412139893;;m0212.jpg;336;female;24;2;
30;1132.7847020626068;60;;a;face_exp;;1.998448133468628;;m0501.jpg;337;female;24;4;
30;1136.0996379852295;60;;a;face_exp;;0.817918062210083;;m0213.jpg;338;female;24;2;
30;1139.6784060001373;60;;a;face_exp;;1.0710079669952393;;f0115.jpg;339;female;24;3;
30;1142.879418849945;60;;a;face_exp;;0.6956899166107178;;f0208.jpg;340;female;24;2;
30;1146.1464228630066;60;;a;face_exp;;0.7707459926605225;;m0212.jpg;341;female;24;1;
30;1149.362305879593;60;;a;face_exp;;0.7111208438873291;;f0101.jpg;342;female;24;1;
30;1152.5602769851685;60;;a;face_exp;;0.7004430294036865;;m0506.jpg;343;female;24;3;
30;1155.9279999732971;60;;a;face_exp;;0.8595221042633057;;m0512.jpg;344;female;24;4;
30;1159.44775390625;60;;a;face_exp;;1.0202279090881348;;m0212.jpg;345;female;24;4;
30;1162.7524859905243;60;;a;face_exp;;0.7987370491027832;;m0510.jpg;346;female;24;3;
30;1167.0043799877167;60;;a;face_exp;;1.758392095565796;;m0207.jpg;347;female;24;8;
30;1170.3153848648071;60;;a;face_exp;;0.8079209327697754;;m0507.jpg;348;female;24;4;
30;1173.6165480613708;60;;a;face_exp;;0.8000891208648682;;m0206.jpg;349;female;24;8;
30;1177.0231850147247;60;;a;face_exp;;0.8978521823883057;;f0208.jpg;350;female;24;3;
30;1180.2829148769379;60;;a;face_exp;;0.7650308609008789;;m0207.jpg;351;female;24;8;
30;1183.4627239704132;60;;a;face_exp;;0.6860871315002441;;m0208.jpg;352;female;24;8;
30;1187.0609259605408;60;;a;face_exp;;1.0922760963439941;;m0205.jpg;353;female;24;9;
30;1190.3326978683472;60;;a;face_exp;;0.7710108757019043;;m0208.jpg;354;female;24;8;
30;1194.0637290477753;60;;a;face_exp;;1.2265441417694092;;m0205.jpg;355;female;24;7;
30;1197.3594298362732;60;;a;face_exp;;0.7955667972564697;;f0102.jpg;356;female;24;2;
30;1200.6373870372772;60;;a;face_exp;;0.7812659740447998;;m0211.jpg;357;female;24;6;
30;1204.3793499469757;60;;a;face_exp;;1.247654914855957;;m0208.jpg;358;female;24;9;
30;1207.8223149776459;60;;a;face_exp;;0.9471290111541748;;f0215.jpg;359;female;24;1;
30;1211.7196638584137;60;;a;face_exp;;1.4019269943237305;;f0212.jpg;360;female;24;7;
30;1215.2957799434662;60;;a;face_exp;;1.0675129890441895;;f0106.jpg;361;female;24;7;
30;1218.5315499305725;60;;a;face_exp;;0.7436320781707764;;f0204.jpg;362;female;24;2;
30;1221.834384918213;60;;a;face_exp;;0.8043739795684814;;m0201.jpg;363;female;24;1;
30;1225.0202569961548;60;;a;face_exp;;0.6812920570373535;;f0206.jpg;364;female;24;3;
30;1228.475023984909;60;;a;face_exp;;0.9608631134033203;;f0213.jpg;365;female;24;8;
30;1231.7108089923859;60;;a;face_exp;;0.737252950668335;;m0204.jpg;366;female;24;9;
30;1234.8585829734802;60;;a;face_exp;;0.6429309844970703;;f0108.jpg;367;female;24;8;
30;1238.0758199691772;60;;a;face_exp;;0.7183520793914795;;m0214.jpg;368;female;24;1;
30;1241.174823999405;60;;a;face_exp;;0.5920441150665283;;f0211.jpg;369;female;24;5;
30;1244.224802017212;60;;a;face_exp;;0.5503900051116943;;f0210.jpg;370;female;24;6;
30;1247.5607450008392;60;;a;face_exp;;0.8280110359191895;;f0107.jpg;371;female;24;8;
30;1250.6803450584412;60;;a;face_exp;;0.6219391822814941;;m0215.jpg;372;female;24;2;
30;1253.840185880661;60;;a;face_exp;;0.6566829681396484;;f0110.jpg;373;female;24;8;
30;1257.2454268932343;60;;a;face_exp;;0.9033699035644531;;m0201.jpg;374;female;24;1;
30;1260.686243057251;60;;a;face_exp;;0.9349770545959473;;f0109.jpg;375;female;24;8;
30;1263.966048002243;60;;a;face_exp;;0.7721731662750244;;f0202.jpg;376;female;24;5;
30;1267.151195049286;60;;a;face_exp;;0.6818342208862305;;f0209.jpg;377;female;24;7;
30;1270.2590990066528;60;;a;face_exp;;0.6144969463348389;;f0104.jpg;378;female;24;7;
30;1273.4556820392609;60;;a;face_exp;;0.7026700973510742;;m0511.jpg;379;female;24;2;
30;1277.108813047409;60;;a;face_exp;;1.1471459865570068;;f0205.jpg;380;female;24;2;
30;1280.384819984436;60;;a;face_exp;;0.7799620628356934;;m0511.jpg;381;female;24;1;
30;1283.5426080226898;60;;a;face_exp;;0.6622200012207031;;f0101.jpg;382;female;24;1;
30;1286.715693950653;60;;a;face_exp;;0.6767759323120117;;m0214.jpg;383;female;24;3;
30;1290.0094439983368;60;;a;face_exp;;0.7953341007232666;;f0210.jpg;384;female;24;6;
30;1293.3292999267578;60;;a;face_exp;;0.8229649066925049;;f0206.jpg;385;female;24;6;
30;1296.666393995285;60;;a;face_exp;;0.8343601226806641;;m0509.jpg;386;female;24;7;
30;1299.8764798641205;60;;a;face_exp;;0.7020950317382812;;m0215.jpg;387;female;24;2;
30;1303.0195379257202;60;;a;face_exp;;0.6364870071411133;;f0102.jpg;388;female;24;2;
30;1306.1034779548645;60;;a;face_exp;;0.5786058902740479;;m0514.jpg;389;female;24;3;
30;1309.12522482872;60;;a;face_exp;;0.5254209041595459;;m0514.jpg;390;female;24;2;
30;1312.337177991867;60;;a;face_exp;;0.7125029563903809;;m0206.jpg;391;female;24;9;
30;1315.7042698860168;60;;a;face_exp;;0.8709280490875244;;f0102.jpg;392;female;24;3;
30;1321.3937559127808;60;;a;face_exp;;3.1846189498901367;;m0514.jpg;393;female;24;2;
30;1324.6707530021667;60;;a;face_exp;;0.7796180248260498;;f0112.jpg;394;female;24;6;
30;1328.0458538532257;60;;a;face_exp;;0.8791959285736084;;f0209.jpg;395;female;24;4;
30;1331.4624319076538;60;;a;face_exp;;0.919990062713623;;f0115.jpg;396;female;24;3;
30;1334.8351259231567;60;;a;face_exp;;0.8668248653411865;;f0201.jpg;397;female;24;4;
30;1338.2147898674011;60;;a;face_exp;;0.8874049186706543;;f0205.jpg;398;female;24;5;
30;1341.8483300209045;60;;a;face_exp;;1.128373146057129;;f0110.jpg;399;female;24;5;
30;1345.0610649585724;60;;a;face_exp;;0.714648962020874;;m0506.jpg;400;female;24;6;
30;1348.4104888439178;60;;a;face_exp;;0.8554809093475342;;m0510.jpg;401;female;24;4;
30;1351.7701959609985;60;;a;face_exp;;0.8560709953308105;;m0203.jpg;402;female;24;6;
30;1355.9312980175018;60;;a;face_exp;;1.6581461429595947;;f0101.jpg;403;female;24;1;
30;1359.2913279533386;60;;a;face_exp;;0.8568930625915527;;m0205.jpg;404;female;24;7;
30;1362.3622200489044;60;;a;face_exp;;0.568695068359375;;f0111.jpg;405;female;24;6;
30;1365.3971099853516;60;;a;face_exp;;0.528710126876831;;m0504.jpg;406;female;24;3;
30;1369.7019739151;60;;a;face_exp;;1.8086628913879395;;m0513.jpg;407;female;24;2;
30;1372.7611219882965;60;;a;face_exp;;0.5561449527740479;;f0208.jpg;408;female;24;2;
30;1376.502758026123;60;;a;face_exp;;1.2394931316375732;;m0210.jpg;409;female;24;3;
30;1379.8795499801636;60;;a;face_exp;;0.8728399276733398;;m0211.jpg;410;female;24;4;
30;1383.1243109703064;60;;a;face_exp;;0.7418680191040039;;f0115.jpg;411;female;24;3;
30;1386.4539468288422;60;;a;face_exp;;0.8294088840484619;;f0212.jpg;412;female;24;7;
30;1389.7640948295593;60;;a;face_exp;;0.8138899803161621;;m0213.jpg;413;female;24;3;
30;1393.4732530117035;60;;a;face_exp;;1.2141540050506592;;m0213.jpg;414;female;24;4;
30;1396.675948858261;60;;a;face_exp;;0.7068448066711426;;m0208.jpg;415;female;24;7;
30;1399.7264540195465;60;;a;face_exp;;0.548673152923584;;m0514.jpg;416;female;24;2;
30;1402.8547089099884;60;;a;face_exp;;0.6354000568389893;;m0508.jpg;417;female;24;4;
30;1406.0639429092407;60;;a;face_exp;;0.7027649879455566;;m0514.jpg;418;female;24;2;
30;1409.7044990062714;60;;a;face_exp;;1.1347260475158691;;f0214.jpg;419;female;24;6;
30;1412.905611038208;60;;a;face_exp;;0.6926469802856445;;m0506.jpg;420;female;24;3;
30;1416.3057310581207;60;;a;face_exp;;0.900745153427124;;f0109.jpg;421;female;24;7;
30;1419.3455739021301;60;;a;face_exp;;0.531425952911377;;f0205.jpg;422;female;24;3;
30;1422.345193862915;60;;a;face_exp;;0.5061988830566406;;m0504.jpg;423;female;24;2;
30;1425.7515199184418;60;;a;face_exp;;0.9043939113616943;;f0104.jpg;424;female;24;8;
30;1428.9881088733673;60;;a;face_exp;;0.7291898727416992;;m0514.jpg;425;female;24;2;
30;1433.4230070114136;60;;a;face_exp;;1.9358611106872559;;m0503.jpg;426;female;24;1;
30;1436.6999390125275;60;;a;face_exp;;0.781170129776001;;f0112.jpg;427;female;24;3;
30;1440.7030358314514;60;;a;face_exp;;1.507016897201538;;f0203.jpg;428;female;24;2;
30;1444.0124809741974;60;;a;face_exp;;0.8039560317993164;;f0206.jpg;429;female;24;4;
30;1447.3052270412445;60;;a;face_exp;;0.7865819931030273;;m0205.jpg;430;female;24;9;
30;1450.782772064209;60;;a;face_exp;;0.9710640907287598;;m0510.jpg;431;female;24;3;
30;1454.8483309745789;60;;a;face_exp;;1.559870958328247;;m0209.jpg;432;female;24;4;
30;1458.5802829265594;60;;a;face_exp;;1.2301208972930908;;m0504.jpg;433;female;24;2;
30;1461.7107219696045;60;;a;face_exp;;0.633389949798584;;m0512.jpg;434;female;24;1;
30;1465.8212900161743;60;;a;face_exp;;1.601776123046875;;m0203.jpg;435;female;24;8;
30;1470.120120048523;60;;a;face_exp;;1.8058180809020996;;f0209.jpg;436;female;24;3;
30;1475.380028963089;60;;a;face_exp;;2.7538459300994873;;m0504.jpg;437;female;24;2;
30;1478.8441560268402;60;;a;face_exp;;0.9702210426330566;;f0213.jpg;438;female;24;7;
30;1482.111958026886;60;;a;face_exp;;0.761883020401001;;m0209.jpg;439;female;24;6;
30;1485.8725440502167;60;;a;face_exp;;1.2636210918426514;;f0103.jpg;440;female;24;6;
30;1488.9984939098358;60;;a;face_exp;;0.6291830539703369;;m0501.jpg;441;female;24;2;
30;1492.5917358398438;60;;a;face_exp;;1.097303867340088;;m0212.jpg;442;female;24;2;
30;1496.6589109897614;60;;a;face_exp;;1.571458101272583;;m0211.jpg;443;female;24;3;
30;1500.1259939670563;60;;a;face_exp;;0.9607710838317871;;f0105.jpg;444;female;24;5;
30;1503.3607230186462;60;;a;face_exp;;0.736083984375;;m0513.jpg;445;female;24;2;
30;1506.6742420196533;60;;a;face_exp;;0.8075261116027832;;f0209.jpg;446;female;24;1;
30;1509.9858179092407;60;;a;face_exp;;0.8101370334625244;;f0109.jpg;447;female;24;6;
30;1513.1746098995209;60;;a;face_exp;;0.6899869441986084;;f0215.jpg;448;female;24;2;
30;1516.29616689682;60;;a;face_exp;;0.6195759773254395;;m0505.jpg;449;female;24;2;
30;1519.3755478858948;60;;a;face_exp;;0.5738818645477295;;f0105.jpg;450;female;24;8;
30;1522.480456829071;60;;a;face_exp;;0.6038188934326172;;m0505.jpg;451;female;24;3;
30;1525.5672249794006;60;;a;face_exp;;0.5821800231933594;;f0204.jpg;452;female;24;2;
30;1528.902349948883;60;;a;face_exp;;0.8422799110412598;;m0213.jpg;453;female;24;1;
30;1532.0471458435059;60;;a;face_exp;;0.6447598934173584;;f0213.jpg;454;female;24;8;
30;1535.3010530471802;60;;a;face_exp;;0.7568001747131348;;f0113.jpg;455;female;24;3;
30;1539.0193388462067;60;;a;face_exp;;1.2163169384002686;;f0201.jpg;456;female;24;2;
30;1542.3112609386444;60;;a;face_exp;;0.7981679439544678;;m0509.jpg;457;female;24;3;
30;1545.4779138565063;60;;a;face_exp;;0.6725778579711914;;f0215.jpg;458;female;24;1;
30;1548.7507109642029;60;;a;face_exp;;0.7701940536499023;;f0209.jpg;459;female;24;3;
30;1553.3088200092316;60;;a;face_exp;;2.0527641773223877;;f0106.jpg;460;female;24;8;
30;1556.640470981598;60;;a;face_exp;;0.8388209342956543;;m0208.jpg;461;female;24;9;
30;1560.1328020095825;60;;a;face_exp;;0.9887681007385254;;f0103.jpg;462;female;24;4;
30;1563.1818759441376;60;;a;face_exp;;0.5450820922851562;;f0113.jpg;463;female;24;2;
30;1566.509558916092;60;;a;face_exp;;0.8312039375305176;;f0111.jpg;464;female;24;4;
30;1569.6844329833984;60;;a;face_exp;;0.6804630756378174;;m0206.jpg;465;female;24;9;
30;1572.9283130168915;60;;a;face_exp;;0.749049186706543;;m0512.jpg;466;female;24;1;
30;1576.2154519557953;60;;a;face_exp;;0.7941470146179199;;f0101.jpg;467;female;24;1;
30;1579.666270017624;60;;a;face_exp;;0.9526901245117188;;m0506.jpg;468;female;24;5;
30;1583.0095970630646;60;;a;face_exp;;0.8367321491241455;;m0203.jpg;469;female;24;5;
30;1586.125056028366;60;;a;face_exp;;0.6098251342773438;;f0101.jpg;470;female;24;1;
30;1589.7219219207764;60;;a;face_exp;;1.0982720851898193;;m0204.jpg;471;female;24;6;
30;1592.8760919570923;60;;a;face_exp;;0.6594419479370117;;f0105.jpg;472;female;24;7;
30;1595.9027729034424;60;;a;face_exp;;0.5275139808654785;;f0102.jpg;473;female;24;2;
30;1599.2387590408325;60;;a;face_exp;;0.8386921882629395;;m0513.jpg;474;female;24;1;
30;1602.5515999794006;60;;a;face_exp;;0.809190034866333;;f0210.jpg;475;female;24;3;
30;1606.093493938446;60;;a;face_exp;;1.0421359539031982;;m0503.jpg;476;female;24;2;
30;1609.2085089683533;60;;a;face_exp;;0.614253044128418;;f0213.jpg;477;female;24;6;
30;1612.614326953888;60;;a;face_exp;;0.9116499423980713;;m0515.jpg;478;female;24;2;
30;1616.2222800254822;60;;a;face_exp;;1.1104199886322021;;f0204.jpg;479;female;24;2;
30;1619.6772480010986;60;;a;face_exp;;0.9556291103363037;;f0111.jpg;480;female;24;5;
30;1623.1141288280487;60;;a;face_exp;;0.9331719875335693;;m0205.jpg;481;female;24;8;
30;1626.379094839096;60;;a;face_exp;;0.7722198963165283;;f0203.jpg;482;female;24;3;
30;1629.8250880241394;60;;a;face_exp;;0.9427170753479004;;m0503.jpg;483;female;24;2;
30;1632.849319934845;60;;a;face_exp;;0.5242788791656494;;m0501.jpg;484;female;24;2;
30;1636.447105884552;60;;a;face_exp;;1.097264051437378;;f0104.jpg;485;female;24;6;
30;1639.601369857788;60;;a;face_exp;;0.6584599018096924;;m0201.jpg;486;female;24;2;
30;1643.6883418560028;60;;a;face_exp;;1.5869059562683105;;m0506.jpg;487;female;24;2;
30;1646.9884150028229;60;;a;face_exp;;0.7925961017608643;;f0210.jpg;488;female;24;6;
30;1650.187481880188;60;;a;face_exp;;0.6994409561157227;;f0111.jpg;489;female;24;7;
30;1653.5278539657593;60;;a;face_exp;;0.8479039669036865;;f0214.jpg;490;female;24;9;
30;1657.1955699920654;60;;a;face_exp;;1.1731200218200684;;f0203.jpg;491;female;24;6;
30;1660.4082298278809;60;;a;face_exp;;0.7093069553375244;;f0212.jpg;492;female;24;8;
30;1663.6815750598907;60;;a;face_exp;;0.7739691734313965;;f0108.jpg;493;female;24;8;
30;1667.108258008957;60;;a;face_exp;;0.9251320362091064;;f0213.jpg;494;female;24;8;
30;1670.566251039505;60;;a;face_exp;;0.9572350978851318;;f0203.jpg;495;female;24;3;
30;1673.8561010360718;60;;a;face_exp;;0.7877190113067627;;f0214.jpg;496;female;24;6;
30;1677.0507378578186;60;;a;face_exp;;0.6900830268859863;;m0213.jpg;497;female;24;3;
30;1680.4979469776154;60;;a;face_exp;;0.9453940391540527;;f0212.jpg;498;female;24;9;
30;1683.7980449199677;60;;a;face_exp;;0.8029129505157471;;m0208.jpg;499;female;24;8;
30;1687.09472489357;60;;a;face_exp;;0.7905869483947754;;m0502.jpg;500;female;24;3;
30;1690.2186698913574;60;;a;face_exp;;0.6222879886627197;;f0211.jpg;501;female;24;7;
30;1693.6000299453735;60;;a;face_exp;;0.8785800933837891;;m0504.jpg;502;female;24;3;
30;1696.8186728954315;60;;a;face_exp;;0.7213380336761475;;f0103.jpg;503;female;24;7;
30;1699.8994328975677;60;;a;face_exp;;0.5767078399658203;;f0106.jpg;504;female;24;8;
30;1703.5068638324738;60;;a;face_exp;;1.1092529296875;;m0507.jpg;505;female;24;6;
30;1706.8636829853058;60;;a;face_exp;;0.8563170433044434;;f0107.jpg;506;female;24;8;
30;1710.1902339458466;60;;a;face_exp;;0.8071229457855225;;f0107.jpg;507;female;24;9;
30;1713.7365629673004;60;;a;face_exp;;1.0444579124450684;;m0202.jpg;508;female;24;2;
30;1716.8820719718933;60;;a;face_exp;;0.6470439434051514;;m0515.jpg;509;female;24;1;
30;1720.115532875061;60;;a;face_exp;;0.7387800216674805;;m0513.jpg;510;female;24;2;
30;1723.4179339408875;60;;a;face_exp;;0.7990820407867432;;m0212.jpg;511;female;24;2;
30;1728.6879589557648;60;;a;face_exp;;2.776855945587158;;f0211.jpg;512;female;24;5;
30;1731.825613975525;60;;a;face_exp;;0.6335699558258057;;m0511.jpg;513;female;24;2;
30;1735.1565568447113;60;;a;face_exp;;0.8227407932281494;;f0105.jpg;514;female;24;7;
30;1739.49031996727;60;;a;face_exp;;1.8308660984039307;;f0209.jpg;515;female;24;6;
30;1742.8454270362854;60;;a;face_exp;;0.8575730323791504;;f0210.jpg;516;female;24;2;
30;1745.8617808818817;60;;a;face_exp;;0.5148160457611084;;m0505.jpg;517;female;24;2;
30;1749.1330728530884;60;;a;face_exp;;0.7779688835144043;;f0102.jpg;518;female;24;1;
30;1752.2810690402985;60;;a;face_exp;;0.6505081653594971;;m0206.jpg;519;female;24;8;
30;1755.4228959083557;60;;a;face_exp;;0.6338028907775879;;f0109.jpg;520;female;24;9;
30;1758.547868013382;60;;a;face_exp;;0.6169559955596924;;f0207.jpg;521;female;24;3;
30;1761.8659298419952;60;;a;face_exp;;0.8098969459533691;;m0508.jpg;522;female;24;4;
30;1764.9657518863678;60;;a;face_exp;;0.6007750034332275;;f0106.jpg;523;female;24;7;
30;1768.7647709846497;60;;a;face_exp;;1.2913949489593506;;m0502.jpg;524;female;24;2;
30;1772.233670949936;60;;a;face_exp;;0.966789960861206;;m0510.jpg;525;female;24;2;
30;1775.45654296875;60;;a;face_exp;;0.7302639484405518;;f0215.jpg;526;female;24;1;
30;1779.5626349449158;60;;a;face_exp;;1.6109809875488281;;f0215.jpg;527;female;24;1;
30;1783.183534860611;60;;a;face_exp;;1.1207690238952637;;f0115.jpg;528;female;24;2;
30;1786.544636964798;60;;a;face_exp;;0.8554201126098633;;m0513.jpg;529;female;24;1;
30;1790.5147478580475;60;;a;face_exp;;1.4665238857269287;;m0209.jpg;530;female;24;4;
30;1793.865751028061;60;;a;face_exp;;0.8568069934844971;;f0210.jpg;531;female;24;4;
30;1797.4443259239197;60;;a;face_exp;;1.076258897781372;;f0111.jpg;532;female;24;4;
30;1800.6935000419617;60;;a;face_exp;;0.749114990234375;;m0215.jpg;533;female;24;1;
30;1803.7973098754883;60;;a;face_exp;;0.6108438968658447;;m0201.jpg;534;female;24;1;
30;1807.045217037201;60;;a;face_exp;;0.7503581047058105;;f0103.jpg;535;female;24;4;
30;1810.4042489528656;60;;a;face_exp;;0.8505721092224121;;m0515.jpg;536;female;24;3;
30;1813.550153017044;60;;a;face_exp;;0.6374070644378662;;m0203.jpg;537;female;24;7;
30;1817.0629699230194;60;;a;face_exp;;1.0084278583526611;;f0205.jpg;538;female;24;3;
30;1820.361862897873;60;;a;face_exp;;0.7978558540344238;;f0104.jpg;539;female;24;5;
30;1823.3979468345642;60;;a;face_exp;;0.5417039394378662;;m0215.jpg;540;female;24;1;
30;1826.5052468776703;60;;a;face_exp;;0.6074509620666504;;f0107.jpg;541;female;24;6;
30;1829.6807789802551;60;;a;face_exp;;0.674584150314331;;m0210.jpg;542;female;24;3;
30;1833.6104018688202;60;;a;face_exp;;1.4289460182189941;;m0209.jpg;543;female;24;4;
30;1837.3077280521393;60;;a;face_exp;;1.1990671157836914;;f0205.jpg;544;female;24;3;
30;1841.0444960594177;60;;a;face_exp;;1.2424211502075195;;f0103.jpg;545;female;24;4;
30;1844.2400159835815;60;;a;face_exp;;0.694572925567627;;f0114.jpg;546;female;24;2;
30;1847.5346748828888;60;;a;face_exp;;0.7972609996795654;;m0510.jpg;547;female;24;2;
30;1850.670284986496;60;;a;face_exp;;0.6406130790710449;;f0114.jpg;548;female;24;1;
30;1853.9153678417206;60;;a;face_exp;;0.7439157962799072;;f0110.jpg;549;female;24;3;
30;1856.9832210540771;60;;a;face_exp;;0.569709062576294;;m0214.jpg;550;female;24;1;
30;1860.6786849498749;60;;a;face_exp;;1.1901509761810303;;f0205.jpg;551;female;24;3;
30;1863.9855680465698;60;;a;face_exp;;0.8038051128387451;;m0209.jpg;552;female;24;8;
30;1870.5010738372803;60;;a;face_exp;;4.010296821594238;;f0203.jpg;553;female;24;3;
30;1873.9523358345032;60;;a;face_exp;;0.9439737796783447;;f0202.jpg;554;female;24;2;
30;1877.231479883194;60;;a;face_exp;;0.7804088592529297;;f0214.jpg;555;female;24;2;
30;1880.7971289157867;60;;a;face_exp;;1.0706000328063965;;f0215.jpg;556;female;24;2;
30;1884.2501080036163;60;;a;face_exp;;0.9472620487213135;;f0214.jpg;557;female;24;3;
30;1887.5569179058075;60;;a;face_exp;;0.8114280700683594;;m0502.jpg;558;female;24;2;
30;1890.8131158351898;60;;a;face_exp;;0.7586729526519775;;m0208.jpg;559;female;24;8;
30;1894.0095100402832;60;;a;face_exp;;0.6963281631469727;;m0508.jpg;560;female;24;3;
30;1897.3187818527222;60;;a;face_exp;;0.8135759830474854;;m0514.jpg;561;female;24;1;
30;1900.3577289581299;60;;a;face_exp;;0.5436129570007324;;m0515.jpg;562;female;24;2;
30;1903.6535849571228;60;;a;face_exp;;0.7979540824890137;;f0105.jpg;563;female;24;7;
30;1906.8704710006714;60;;a;face_exp;;0.72257399559021;;m0509.jpg;564;female;24;5;
30;1910.1104528903961;60;;a;face_exp;;0.7372269630432129;;f0213.jpg;565;female;24;8;
30;1913.4754049777985;60;;a;face_exp;;0.860069990158081;;m0202.jpg;566;female;24;6;
30;1917.0121698379517;60;;a;face_exp;;1.0377509593963623;;m0507.jpg;567;female;24;5;
30;1920.357055902481;60;;a;face_exp;;0.8397688865661621;;f0206.jpg;568;female;24;4;
30;1923.4526329040527;60;;a;face_exp;;0.5929758548736572;;m0513.jpg;569;female;24;2;
30;1926.6769349575043;60;;a;face_exp;;0.7256150245666504;;f0113.jpg;570;female;24;2;
30;1929.9698610305786;60;;a;face_exp;;0.7931251525878906;;m0508.jpg;571;female;24;3;
30;1933.1827330589294;60;;a;face_exp;;0.713759183883667;;m0203.jpg;572;female;24;7;
30;1936.4429259300232;60;;a;face_exp;;0.7652809619903564;;f0207.jpg;573;female;24;3;
30;1939.638594865799;60;;a;face_exp;;0.7021000385284424;;f0214.jpg;574;female;24;2;
30;1942.9025609493256;60;;a;face_exp;;0.7574338912963867;;f0104.jpg;575;female;24;6;
30;1946.0344648361206;60;;a;face_exp;;0.6305959224700928;;f0214.jpg;576;female;24;4;
30;1949.2423210144043;60;;a;face_exp;;0.7133450508117676;;f0210.jpg;577;female;24;6;
30;1952.5110750198364;60;;a;face_exp;;0.7734589576721191;;m0202.jpg;578;female;24;4;
30;1955.7786359786987;60;;a;face_exp;;0.7654669284820557;;m0514.jpg;579;female;24;2;
30;1958.8833718299866;60;;a;face_exp;;0.6113808155059814;;f0202.jpg;580;female;24;2;
30;1962.1668310165405;60;;a;face_exp;;0.7864739894866943;;f0107.jpg;581;female;24;7;
30;1965.5097229480743;60;;a;face_exp;;0.8371059894561768;;f0208.jpg;582;female;24;2;
30;1968.5993869304657;60;;a;face_exp;;0.5843920707702637;;m0213.jpg;583;female;24;1;
30;1971.8086059093475;60;;a;face_exp;;0.7020459175109863;;m0507.jpg;584;female;24;3;
30;1974.9437680244446;60;;a;face_exp;;0.6283981800079346;;f0110.jpg;585;female;24;7;
30;1978.242635011673;60;;a;face_exp;;0.8022310733795166;;f0115.jpg;586;female;24;2;
30;1981.3306019306183;60;;a;face_exp;;0.5812249183654785;;m0503.jpg;587;female;24;2;
30;1984.5955140590668;60;;a;face_exp;;0.7711691856384277;;m0212.jpg;588;female;24;1;
30;1988.4476959705353;60;;a;face_exp;;1.3478939533233643;;f0214.jpg;589;female;24;6;
30;1994.2467069625854;60;;a;face_exp;;3.30314302444458;;m0508.jpg;590;female;24;2;
30;1997.6384840011597;60;;a;face_exp;;0.8959059715270996;;m0211.jpg;591;female;24;2;
30;2000.9146440029144;60;;a;face_exp;;0.7795510292053223;;f0107.jpg;592;female;24;5;
30;2003.9762949943542;60;;a;face_exp;;0.5656960010528564;;m0503.jpg;593;female;24;2;
30;2007.3022549152374;60;;a;face_exp;;0.8334360122680664;;f0103.jpg;594;female;24;4;
30;2010.4565579891205;60;;a;face_exp;;0.6453919410705566;;m0514.jpg;595;female;24;2;
30;2013.7872400283813;60;;a;face_exp;;0.8342750072479248;;m0501.jpg;596;female;24;2;
30;2017.0481379032135;60;;a;face_exp;;0.7527730464935303;;m0209.jpg;597;female;24;4;
30;2020.147232055664;60;;a;face_exp;;0.5930521488189697;;m0201.jpg;598;female;24;1;
30;2023.7560968399048;60;;a;face_exp;;1.1102449893951416;;m0206.jpg;599;female;24;8;
30;2027.3137290477753;60;;a;face_exp;;1.0581481456756592;;m0502.jpg;600;female;24;2;
